assembly_accession	start	end	orientation
GCF_000015785.2	9761	11310	+
GCF_000015785.2	31325	32874	+
GCF_000015785.2	91181	92730	+
GCF_000015785.2	97066	98615	+
GCF_000015785.2	161713	163262	+
GCF_000015785.2	171985	173534	+
GCF_000015785.2	605057	606606	+
GCF_000015785.2	876179	877728	+
GCF_000015785.2	2926099	2927648	-
GCF_000769555.1	9759	11308	+
GCF_000769555.1	31496	33045	+
GCF_000769555.1	91506	93055	+
GCF_000769555.1	156269	157818	+
GCF_000769555.1	578605	580154	+
GCF_000769555.1	863477	865026	+
GCF_000769555.1	2968572	2970121	-
GCF_000815275.2	9351	10899	+
GCF_000815275.2	31085	32633	+
GCF_000815275.2	91112	92659	+
GCF_000815275.2	96935	98482	+
GCF_000815275.2	161514	163062	+
GCF_000815275.2	167452	169001	+
GCF_000815275.2	610769	612316	+
GCF_000815275.2	873950	875499	+
GCF_000815275.2	2930462	2932011	-
GCF_000833005.1	16777	18326	+
GCF_000833005.1	76612	78161	+
GCF_000833005.1	82497	84046	+
GCF_000833005.1	147073	148622	+
GCF_000833005.1	157345	158894	+
GCF_000833005.1	557753	559302	+
GCF_000833005.1	823013	824562	+
GCF_000833005.1	2926823	2928372	-
GCF_000875875.2	9806	11355	+
GCF_000875875.2	31544	33093	+
GCF_000875875.2	91398	92947	+
GCF_000875875.2	155992	157541	+
GCF_000875875.2	161932	163481	+
GCF_000875875.2	575769	577319	+
GCF_000875875.2	910183	911732	+
GCF_000875875.2	3013024	3014573	-
GCF_000973485.1	16848	18397	+
GCF_000973485.1	76613	78162	+
GCF_000973485.1	82498	84047	+
GCF_000973485.1	147051	148600	+
GCF_000973485.1	152849	154398	+
GCF_000973485.1	558299	559848	+
GCF_000973485.1	823361	824910	+
GCF_000973485.1	2923773	2925322	-
GCF_000988345.1	992126	993675	+
GCF_000988345.1	3083599	3085148	-
GCF_000988345.1	3429760	3431309	-
GCF_000988345.1	3838962	3840511	-
GCF_000988345.1	3844905	3846454	-
GCF_000988345.1	3909489	3911038	-
GCF_000988345.1	3915314	3916863	-
GCF_000988345.1	3975344	3976893	-
GCF_000988345.1	3997079	3998628	-
GCF_001023595.1	9761	11310	+
GCF_001023595.1	31500	33049	+
GCF_001023595.1	91526	93075	+
GCF_001023595.1	97353	98902	+
GCF_001023595.1	161943	163492	+
GCF_001023595.1	167880	169429	+
GCF_001023595.1	173707	175256	+
GCF_001023595.1	616579	618128	+
GCF_001023595.1	891942	893491	+
GCF_001023595.1	2980954	2982503	-
GCF_001536925.1	9586	11135	+
GCF_001536925.1	31149	32698	+
GCF_001536925.1	91005	92554	+
GCF_001536925.1	155599	157175	+
GCF_001536925.1	563963	565512	+
GCF_001536925.1	841530	843079	+
GCF_001536925.1	2875835	2877384	-
GCF_001593395.2	1134310	1135862	-
GCF_001593395.2	1408484	1410036	-
GCF_001593395.2	1855878	1857430	-
GCF_001593395.2	1861806	1863358	-
GCF_001593395.2	1926393	1927945	-
GCF_001593395.2	1986250	1987774	-
GCF_001593395.2	2007778	2009330	-
GCF_001593395.2	3041453	3043005	+
GCF_001685645.1	9449	10995	+
GCF_001685645.1	31183	32731	+
GCF_001685645.1	91214	92763	+
GCF_001685645.1	97035	98583	+
GCF_001685645.1	161622	163171	+
GCF_001685645.1	167564	169111	+
GCF_001685645.1	587347	588896	+
GCF_001685645.1	856774	858322	+
GCF_001685645.1	2925783	2927332	-
GCF_001687745.1	19918	21467	+
GCF_001687745.1	79953	81502	+
GCF_001687745.1	144543	146091	+
GCF_001687745.1	564329	565878	+
GCF_001687745.1	833549	835099	+
GCF_001687745.1	2902503	2904052	-
GCF_001687745.1	3915941	3917490	+
GCF_001723585.1	9448	11000	+
GCF_001723585.1	31185	32737	+
GCF_001723585.1	91215	92767	+
GCF_001723585.1	97042	98594	+
GCF_001723585.1	161630	163182	+
GCF_001723585.1	167520	169072	+
GCF_001723585.1	581646	583198	+
GCF_001723585.1	853853	855405	+
GCF_001723585.1	3029057	3030609	-
GCF_001752685.2	10271	11819	+
GCF_001752685.2	32008	33557	+
GCF_001752685.2	92036	93584	+
GCF_001752685.2	97919	99468	+
GCF_001752685.2	162565	164113	+
GCF_001752685.2	168451	170000	+
GCF_001752685.2	564186	565735	+
GCF_001752685.2	830714	832263	+
GCF_001752685.2	2925709	2927257	-
GCF_001857985.1	9742	11294	+
GCF_001857985.1	31479	33031	+
GCF_001857985.1	91512	93064	+
GCF_001857985.1	97402	98954	+
GCF_001857985.1	162050	163602	+
GCF_001857985.1	167992	169544	+
GCF_001857985.1	574005	575557	+
GCF_001857985.1	914463	916015	+
GCF_001857985.1	3173154	3174706	-
GCF_002005345.1	9446	10999	+
GCF_002005345.1	31247	32800	+
GCF_002005345.1	91276	92829	+
GCF_002005345.1	97102	98655	+
GCF_002005345.1	161689	163242	+
GCF_002005345.1	167579	169132	+
GCF_002005345.1	602234	603787	+
GCF_002005345.1	878109	879662	+
GCF_002005345.1	3061770	3063322	-
GCF_002057535.1	937677	939226	+
GCF_002057535.1	2993066	2994615	-
GCF_002057535.1	3262493	3264042	-
GCF_002057535.1	3682281	3683830	-
GCF_002057535.1	3688223	3689772	-
GCF_002057535.1	3752813	3754362	-
GCF_002057535.1	3758638	3760187	-
GCF_002057535.1	3818673	3820222	-
GCF_002057535.1	3840410	3841958	-
GCF_002072695.1	9761	11310	+
GCF_002072695.1	31498	33047	+
GCF_002072695.1	91534	93083	+
GCF_002072695.1	97359	98908	+
GCF_002072695.1	161948	163497	+
GCF_002072695.1	167890	169439	+
GCF_002072695.1	587678	589227	+
GCF_002072695.1	857103	858652	+
GCF_002072695.1	2926110	2927659	-
GCF_002105595.1	523127	524676	+
GCF_002105595.1	544824	546373	+
GCF_002105595.1	604690	606234	+
GCF_002105595.1	672345	673895	-
GCF_002105595.1	1104176	1105724	+
GCF_002105595.1	1376911	1378460	+
GCF_002105595.1	3446597	3448146	-
GCF_002117165.1	1003881	1005430	+
GCF_002117165.1	3072892	3074441	-
GCF_002117165.1	3342319	3343868	-
GCF_002117165.1	3762106	3763655	-
GCF_002117165.1	3768048	3769597	-
GCF_002117165.1	3832638	3834187	-
GCF_002117165.1	3838463	3840012	-
GCF_002117165.1	3898498	3900047	-
GCF_002117165.1	3920235	3921784	-
GCF_002157265.1	9763	11315	+
GCF_002157265.1	28579	30131	+
GCF_002157265.1	88010	89562	+
GCF_002157265.1	90916	92468	+
GCF_002157265.1	152436	153989	+
GCF_002157265.1	155259	156811	+
GCF_002157265.1	561742	563294	+
GCF_002157265.1	846250	847803	+
GCF_002157265.1	2919845	2921396	-
GCF_002192235.1	9488	11037	+
GCF_002192235.1	31225	32774	+
GCF_002192235.1	91260	92809	+
GCF_002192235.1	97085	98634	+
GCF_002192235.1	161675	163224	+
GCF_002192235.1	167617	169166	+
GCF_002192235.1	587399	588948	+
GCF_002192235.1	856822	858371	+
GCF_002192235.1	2925812	2927361	-
GCF_002205715.1	9353	10902	+
GCF_002205715.1	31089	32638	+
GCF_002205715.1	91106	92655	+
GCF_002205715.1	96933	98482	+
GCF_002205715.1	161525	163074	+
GCF_002205715.1	167415	168964	+
GCF_002205715.1	572765	574314	+
GCF_002205715.1	873787	875336	+
GCF_002205715.1	2914943	2916492	-
GCF_002216755.1	9348	10897	+
GCF_002216755.1	31087	32636	+
GCF_002216755.1	91119	92668	+
GCF_002216755.1	96945	98494	+
GCF_002216755.1	161534	163083	+
GCF_002216755.1	167473	169022	+
GCF_002216755.1	593277	594826	+
GCF_002216755.1	874795	876344	+
GCF_002216755.1	2978433	2979982	-
GCF_002237515.1	65142	66691	-
GCF_002237515.1	1068721	1070270	+
GCF_002237515.1	1090458	1092007	+
GCF_002237515.1	1150486	1152035	+
GCF_002237515.1	1156371	1157920	+
GCF_002237515.1	1221015	1222564	+
GCF_002237515.1	1226952	1228501	+
GCF_002237515.1	1655834	1657383	+
GCF_002237515.1	1937537	1939086	+
GCF_002238395.1	54559	56108	+
GCF_002238395.1	2082116	2083665	-
GCF_002238395.1	2351092	2352641	-
GCF_002238395.1	2756437	2757986	-
GCF_002238395.1	2762327	2763876	-
GCF_002238395.1	2826919	2828468	-
GCF_002238395.1	2832746	2834295	-
GCF_002238395.1	2892778	2894327	-
GCF_002238395.1	2914514	2916063	-
GCF_002327165.1	849899	851451	-
GCF_002327165.1	1899723	1901275	+
GCF_002327165.1	1921462	1923014	+
GCF_002327165.1	1981494	1983046	+
GCF_002327165.1	1987320	1988872	+
GCF_002327165.1	2051909	2053461	+
GCF_002327165.1	2057848	2059400	+
GCF_002327165.1	2480010	2481562	+
GCF_002327165.1	2764871	2766423	+
GCF_002556565.1	16761	18310	+
GCF_002556565.1	76794	78343	+
GCF_002556565.1	141442	142991	+
GCF_002556565.1	147381	148930	+
GCF_002556565.1	577458	579007	+
GCF_002556565.1	833231	834780	+
GCF_002556565.1	2937304	2938841	-
GCF_002741705.1	9350	10899	+
GCF_002741705.1	31087	32636	+
GCF_002741705.1	91116	92665	+
GCF_002741705.1	96942	98491	+
GCF_002741705.1	161530	163079	+
GCF_002741705.1	167529	169078	+
GCF_002741705.1	617285	618834	+
GCF_002741705.1	890425	891974	+
GCF_002741705.1	3188656	3190205	-
GCF_002761535.1	57258	58807	+
GCF_002761535.1	78879	80428	+
GCF_002761535.1	138790	140339	+
GCF_002761535.1	203435	204984	+
GCF_002761535.1	627727	629276	+
GCF_002761535.1	910662	912211	+
GCF_002761535.1	3017651	3019200	-
GCF_002764075.1	9411	10960	+
GCF_002764075.1	31148	32697	+
GCF_002764075.1	91178	92727	+
GCF_002764075.1	97063	98612	+
GCF_002764075.1	161709	163258	+
GCF_002764075.1	221901	223450	+
GCF_002764075.1	669557	671106	+
GCF_002764075.1	950692	952241	+
GCF_002764075.1	3066871	3068420	-
GCF_002796465.1	16850	18402	+
GCF_002796465.1	76709	78261	+
GCF_002796465.1	141298	142851	+
GCF_002796465.1	567009	568561	+
GCF_002796465.1	845804	847357	+
GCF_002796465.1	2957096	2958648	-
GCF_002796465.1	3991097	3992650	+
GCF_002844125.1	9447	10996	+
GCF_002844125.1	31187	32735	+
GCF_002844125.1	91830	93379	+
GCF_002844125.1	97714	99263	+
GCF_002844125.1	162362	163911	+
GCF_002844125.1	168299	169848	+
GCF_002844125.1	597145	598694	+
GCF_002844125.1	872968	874517	+
GCF_002844125.1	3143251	3144798	-
GCF_002845365.1	9950	11499	+
GCF_002845365.1	31686	33235	+
GCF_002845365.1	91712	93261	+
GCF_002845365.1	97538	99087	+
GCF_002845365.1	162126	163675	+
GCF_002845365.1	592099	593648	+
GCF_002845365.1	861996	863545	+
GCF_002845365.1	2950235	2951784	-
GCF_002850475.1	924269	925818	-
GCF_002850475.1	1940996	1942546	+
GCF_002850475.1	1962799	1964348	+
GCF_002850475.1	2022824	2024373	+
GCF_002850475.1	2028651	2030200	+
GCF_002850475.1	2093239	2094788	+
GCF_002850475.1	2099129	2100678	+
GCF_002850475.1	2544680	2546229	+
GCF_002850475.1	2799437	2800986	+
GCF_002893845.1	106046	107595	+
GCF_002893845.1	199203	200752	+
GCF_002893845.1	3567675	3569224	+
GCF_002893845.1	3589412	3590961	+
GCF_002893845.1	3649438	3650987	+
GCF_002893845.1	3655263	3656812	+
GCF_002893845.1	3719851	3721399	+
GCF_002893845.1	3725793	3727342	+
GCF_002893845.1	4149977	4151526	+
GCF_002944585.1	823564	825112	-
GCF_002944585.1	1837480	1839028	+
GCF_002944585.1	1859214	1860763	+
GCF_002944585.1	1919245	1920794	+
GCF_002944585.1	1925136	1926685	+
GCF_002944585.1	1989722	1991270	+
GCF_002944585.1	1995654	1997203	+
GCF_002944585.1	2400858	2402406	+
GCF_002944585.1	2745195	2746744	+
GCF_002993245.1	936342	937891	+
GCF_002993245.1	2991450	2992999	-
GCF_002993245.1	3258166	3259715	-
GCF_002993245.1	3677128	3678677	-
GCF_002993245.1	3683070	3684619	-
GCF_002993245.1	3747656	3749205	-
GCF_002993245.1	3753485	3755034	-
GCF_002993245.1	3813520	3815069	-
GCF_002993245.1	3835257	3836805	-
GCF_003045165.1	27391	28940	+
GCF_003045165.1	49128	50677	+
GCF_003045165.1	109163	110712	+
GCF_003045165.1	114988	116537	+
GCF_003045165.1	179578	181127	+
GCF_003045165.1	185520	187069	+
GCF_003045165.1	605307	606856	+
GCF_003045165.1	874734	876283	+
GCF_003045165.1	2943746	2945295	-
GCF_003047005.1	1512190	1513742	-
GCF_003047005.1	1813227	1814779	-
GCF_003047005.1	2218576	2220128	-
GCF_003047005.1	2224466	2226017	-
GCF_003047005.1	2289056	2290607	-
GCF_003047005.1	2294882	2296434	-
GCF_003047005.1	2354899	2356451	-
GCF_003047005.1	2376635	2378186	-
GCF_003047005.1	3364119	3365671	+
GCF_003047025.1	14197	15749	-
GCF_003047025.1	20087	21639	-
GCF_003047025.1	84679	86231	-
GCF_003047025.1	90506	92058	-
GCF_003047025.1	150523	152075	-
GCF_003047025.1	172259	173811	-
GCF_003047025.1	1159753	1161305	+
GCF_003047025.1	3200912	3202464	-
GCF_003047025.1	3501916	3503468	-
GCF_003047045.1	137721	139273	+
GCF_003047045.1	438723	440275	+
GCF_003047045.1	2479857	2481409	-
GCF_003047045.1	3467342	3468894	+
GCF_003047045.1	3489078	3490629	+
GCF_003047045.1	3549094	3550646	+
GCF_003047045.1	3554921	3556473	+
GCF_003047045.1	3619511	3621063	+
GCF_003047045.1	3625401	3626953	+
GCF_003071465.1	1227358	1228907	-
GCF_003071465.1	1580378	1581927	-
GCF_003071465.1	1994141	1995690	-
GCF_003071465.1	2000084	2001633	-
GCF_003071465.1	2064670	2066219	-
GCF_003071465.1	2070495	2072044	-
GCF_003071465.1	2130527	2132076	-
GCF_003071465.1	2152263	2153812	-
GCF_003071465.1	3152637	3154186	+
GCF_003073455.1	442605	444154	+
GCF_003073455.1	2511615	2513164	-
GCF_003073455.1	2781042	2782591	-
GCF_003073455.1	3200828	3202377	-
GCF_003073455.1	3206770	3208319	-
GCF_003073455.1	3271360	3272909	-
GCF_003073455.1	3277185	3278734	-
GCF_003073455.1	3337220	3338769	-
GCF_003073455.1	3358957	3360506	-
GCF_003076535.1	375823	377372	+
GCF_003076535.1	2522785	2524334	-
GCF_003076535.1	2809440	2810989	-
GCF_003076535.1	3234260	3235809	-
GCF_003076535.1	3240255	3241804	-
GCF_003076535.1	3304845	3306394	-
GCF_003076535.1	3310671	3312220	-
GCF_003076535.1	3370697	3372246	-
GCF_003076535.1	3392433	3393982	-
GCF_003150855.1	1083033	1084582	-
GCF_003150855.1	1349459	1351008	-
GCF_003150855.1	1758057	1759606	-
GCF_003150855.1	1763947	1765496	-
GCF_003150855.1	1828539	1830088	-
GCF_003150855.1	1834367	1835916	-
GCF_003150855.1	1894395	1895944	-
GCF_003150855.1	1916133	1917682	-
GCF_003150855.1	2888751	2890300	+
GCF_003184945.1	1200392	1201940	-
GCF_003184945.1	2219731	2221279	+
GCF_003184945.1	2241466	2243014	+
GCF_003184945.1	2301714	2303262	+
GCF_003184945.1	2307537	2309086	+
GCF_003184945.1	2372125	2373672	+
GCF_003184945.1	2378057	2379604	+
GCF_003184945.1	2800007	2801554	+
GCF_003184945.1	3087749	3089298	+
GCF_003265265.1	31282	32830	+
GCF_003265265.1	91310	92861	+
GCF_003265265.1	97136	98685	+
GCF_003265265.1	161784	163333	+
GCF_003265265.1	167673	169243	+
GCF_003265265.1	578259	579808	+
GCF_003265265.1	854112	855666	+
GCF_003265265.1	3201951	3203500	-
GCF_003285085.1	9467	11016	+
GCF_003285085.1	31203	32752	+
GCF_003285085.1	91234	92811	+
GCF_003285085.1	97081	98630	+
GCF_003285085.1	161668	163215	+
GCF_003285085.1	167585	169130	+
GCF_003285085.1	634152	635701	+
GCF_003285085.1	908528	910088	+
GCF_003285085.1	3189193	3190734	-
GCF_003390415.1	9451	11000	+
GCF_003390415.1	31188	32737	+
GCF_003390415.1	91215	92764	+
GCF_003390415.1	97042	98591	+
GCF_003390415.1	161634	163183	+
GCF_003390415.1	167525	169074	+
GCF_003390415.1	561194	562743	+
GCF_003390415.1	897748	899297	+
GCF_003390415.1	2932468	2934017	-
GCF_003431885.1	9269	10818	+
GCF_003431885.1	30959	32508	+
GCF_003431885.1	90994	92543	+
GCF_003431885.1	96819	98368	+
GCF_003431885.1	161409	162958	+
GCF_003431885.1	167351	168900	+
GCF_003431885.1	587138	588687	+
GCF_003431885.1	856565	858114	+
GCF_003431885.1	2925576	2927125	-
GCF_003432425.1	9349	10898	+
GCF_003432425.1	31084	32633	+
GCF_003432425.1	91110	92659	+
GCF_003432425.1	97000	98549	+
GCF_003432425.1	161648	163197	+
GCF_003432425.1	167589	169138	+
GCF_003432425.1	596706	598255	+
GCF_003432425.1	876000	877549	+
GCF_003432425.1	3004476	3006025	-
GCF_003441635.1	3935380	3936929	-
GCF_003546955.1	9761	11310	+
GCF_003546955.1	31497	33046	+
GCF_003546955.1	91526	93075	+
GCF_003546955.1	97352	98901	+
GCF_003546955.1	161941	163490	+
GCF_003546955.1	167878	169427	+
GCF_003546955.1	583481	585030	+
GCF_003546955.1	843449	844998	+
GCF_003546955.1	2984967	2986515	-
GCF_003555525.1	9350	10899	+
GCF_003555525.1	31087	32636	+
GCF_003555525.1	91122	92671	+
GCF_003555525.1	96947	98496	+
GCF_003555525.1	161537	163086	+
GCF_003555525.1	167479	169028	+
GCF_003555525.1	587265	588814	+
GCF_003555525.1	856692	858241	+
GCF_003555525.1	2925687	2927236	-
GCF_003573875.1	9770	11319	+
GCF_003573875.1	31506	33055	+
GCF_003573875.1	91535	93084	+
GCF_003573875.1	97342	98891	+
GCF_003573875.1	161980	163529	+
GCF_003573875.1	167899	169448	+
GCF_003573875.1	619496	621045	+
GCF_003573875.1	888127	889676	+
GCF_003573875.1	2972255	2973804	-
GCF_003612755.1	154245	155794	+
GCF_003612755.1	423671	425220	+
GCF_003612755.1	2492686	2494235	-
GCF_003612755.1	3506127	3507676	+
GCF_003612755.1	3527864	3529413	+
GCF_003612755.1	3587900	3589449	+
GCF_003612755.1	3593725	3595274	+
GCF_003612755.1	3658315	3659864	+
GCF_003612755.1	3664257	3665806	+
GCF_003667745.1	240900	242449	+
GCF_003667745.1	262639	264188	+
GCF_003667745.1	322668	324217	+
GCF_003667745.1	328493	330042	+
GCF_003667745.1	393081	394630	+
GCF_003667745.1	413275	414824	+
GCF_003667745.1	837465	839014	+
GCF_003667745.1	1123912	1125461	+
GCF_003667745.1	3404957	3406506	-
GCF_003721475.1	902555	904104	-
GCF_003721475.1	1914206	1915755	+
GCF_003721475.1	1935944	1937493	+
GCF_003721475.1	1995977	1997526	+
GCF_003721475.1	2001803	2003352	+
GCF_003721475.1	2066393	2067942	+
GCF_003721475.1	2072336	2073885	+
GCF_003721475.1	2517850	2519399	+
GCF_003721475.1	2792422	2793971	+
GCF_003855275.1	9583	11132	+
GCF_003855275.1	31144	32693	+
GCF_003855275.1	91172	92721	+
GCF_003855275.1	155827	156954	+
GCF_003855275.1	532653	534202	+
GCF_003855275.1	771035	772578	+
GCF_003855275.1	2765649	2767198	-
GCF_003860445.1	9450	10999	+
GCF_003860445.1	31186	32735	+
GCF_003860445.1	91215	92764	+
GCF_003860445.1	97100	98649	+
GCF_003860445.1	161746	163295	+
GCF_003860445.1	167686	169235	+
GCF_003860445.1	587443	588992	+
GCF_003860445.1	868594	870143	+
GCF_003860445.1	3058044	3059593	-
GCF_004101805.1	9524	11073	+
GCF_004101805.1	31145	32694	+
GCF_004101805.1	91059	92608	+
GCF_004101805.1	155706	157255	+
GCF_004101805.1	575944	577493	+
GCF_004101805.1	860596	862145	+
GCF_004101805.1	2966756	2968305	-
GCF_004119575.1	9348	10897	+
GCF_004119575.1	31082	32631	+
GCF_004119575.1	91106	92655	+
GCF_004119575.1	97055	98604	+
GCF_004119575.1	161702	163251	+
GCF_004119575.1	167640	169189	+
GCF_004119575.1	604026	605575	+
GCF_004119575.1	890303	891851	+
GCF_004119575.1	3094119	3095668	-
GCF_004119735.1	9348	10897	+
GCF_004119735.1	31084	32633	+
GCF_004119735.1	91111	92660	+
GCF_004119735.1	97060	98609	+
GCF_004119735.1	161709	163258	+
GCF_004119735.1	167650	169199	+
GCF_004119735.1	604076	605625	+
GCF_004119735.1	890362	891911	+
GCF_004119735.1	3098399	3099948	-
GCF_004119855.1	9348	10897	+
GCF_004119855.1	31084	32633	+
GCF_004119855.1	91111	92660	+
GCF_004119855.1	97060	98609	+
GCF_004119855.1	161710	163259	+
GCF_004119855.1	221473	223022	+
GCF_004119855.1	657900	659449	+
GCF_004119855.1	944195	945744	+
GCF_004119855.1	3189640	3191189	-
GCF_004329055.1	1273465	1275014	-
GCF_004329055.1	1542886	1544427	-
GCF_004329055.1	1962676	1964224	-
GCF_004329055.1	1968616	1970165	-
GCF_004329055.1	2033208	2034757	-
GCF_004329055.1	2039026	2040573	-
GCF_004329055.1	2099056	2100595	-
GCF_004329055.1	2120782	2122331	-
GCF_004329055.1	3134266	3135811	+
GCF_004331895.1	9763	11312	+
GCF_004331895.1	31326	32874	+
GCF_004331895.1	91168	92717	+
GCF_004331895.1	97053	98602	+
GCF_004331895.1	161750	163299	+
GCF_004331895.1	171958	173506	+
GCF_004331895.1	551034	552581	+
GCF_004331895.1	789601	791150	+
GCF_004331895.1	2782896	2784445	-
GCF_004337655.1	9271	10820	+
GCF_004337655.1	31007	32556	+
GCF_004337655.1	91034	92583	+
GCF_004337655.1	96861	98410	+
GCF_004337655.1	161452	163001	+
GCF_004337655.1	167344	168893	+
GCF_004337655.1	609154	610703	+
GCF_004337655.1	871028	872577	+
GCF_004337655.1	2980753	2982302	-
GCF_004799565.1	9815	11364	+
GCF_004799565.1	31379	32928	+
GCF_004799565.1	91234	92783	+
GCF_004799565.1	97119	98668	+
GCF_004799565.1	168190	169739	+
GCF_004799565.1	174127	175676	+
GCF_004799565.1	630759	632308	+
GCF_004799565.1	896313	897862	+
GCF_004799565.1	2956471	2958020	-
GCF_005696395.1	3889381	3890840	+
GCF_006489235.1	9359	10910	+
GCF_006489235.1	31092	32644	+
GCF_006489235.1	91124	92675	+
GCF_006489235.1	96946	98498	+
GCF_006489235.1	161530	163082	+
GCF_006489235.1	171758	173310	+
GCF_006489235.1	597693	599245	+
GCF_006489235.1	872502	874054	+
GCF_006489235.1	2991833	2993384	-
GCF_006489255.1	9358	10910	+
GCF_006489255.1	31093	32645	+
GCF_006489255.1	91125	92677	+
GCF_006489255.1	96949	98501	+
GCF_006489255.1	161534	163086	+
GCF_006489255.1	171755	173307	+
GCF_006489255.1	597690	599242	+
GCF_006489255.1	872518	874070	+
GCF_006489255.1	2991852	2993404	-
GCF_006489275.1	9797	11346	+
GCF_006489275.1	31379	32928	+
GCF_006489275.1	91211	92760	+
GCF_006489275.1	97094	98643	+
GCF_006489275.1	161742	163287	+
GCF_006489275.1	171912	173457	+
GCF_006489275.1	592981	594524	+
GCF_006489275.1	857150	858694	+
GCF_006489275.1	2918823	2920327	-
GCF_006965525.1	9454	11003	+
GCF_006965525.1	31191	32740	+
GCF_006965525.1	91221	92770	+
GCF_006965525.1	97048	98597	+
GCF_006965525.1	161636	163185	+
GCF_006965525.1	167526	169075	+
GCF_006965525.1	602197	603746	+
GCF_006965525.1	909662	911211	+
GCF_006965525.1	3089459	3091008	-
GCF_006974185.1	605	2158	-
GCF_006974185.1	6547	8099	-
GCF_006974185.1	71132	72685	-
GCF_006974185.1	76948	78500	-
GCF_006974185.1	136981	138532	-
GCF_006974185.1	158714	160265	-
GCF_006974185.1	1172152	1173705	+
GCF_006974185.1	3241095	3242647	-
GCF_006974185.1	3510522	3512074	-
GCF_008244925.1	9350	10899	+
GCF_008244925.1	31087	32636	+
GCF_008244925.1	91113	92662	+
GCF_008244925.1	96940	98489	+
GCF_008244925.1	161531	163080	+
GCF_008244925.1	167468	169017	+
GCF_008244925.1	582895	584444	+
GCF_008244925.1	886050	887599	+
GCF_008244925.1	2926709	2928258	-
GCF_008367895.1	9760	11312	+
GCF_008367895.1	31498	33050	+
GCF_008367895.1	91526	93078	+
GCF_008367895.1	97353	98905	+
GCF_008367895.1	161942	163494	+
GCF_008367895.1	167880	169432	+
GCF_008367895.1	600952	602504	+
GCF_008367895.1	871474	873026	+
GCF_008367895.1	2923052	2924604	-
GCF_008727675.1	9359	10908	+
GCF_008727675.1	31097	32646	+
GCF_008727675.1	91128	92677	+
GCF_008727675.1	96955	98504	+
GCF_008727675.1	161541	163090	+
GCF_008727675.1	167479	169028	+
GCF_008727675.1	620262	621811	+
GCF_008727675.1	894262	895811	+
GCF_008727675.1	2999727	3001276	-
GCF_008802875.1	9450	10999	+
GCF_008802875.1	31186	32734	+
GCF_008802875.1	91219	92768	+
GCF_008802875.1	97044	98593	+
GCF_008802875.1	161634	163180	+
GCF_008802875.1	167572	169120	+
GCF_008802875.1	587358	588907	+
GCF_008802875.1	856785	858334	+
GCF_008802875.1	2925794	2927343	-
GCF_009362235.1	9350	10899	+
GCF_009362235.1	31087	32636	+
GCF_009362235.1	91122	92671	+
GCF_009362235.1	96947	98496	+
GCF_009362235.1	161537	163086	+
GCF_009362235.1	167479	169028	+
GCF_009362235.1	587266	588815	+
GCF_009362235.1	856693	858242	+
GCF_009362235.1	2925704	2927253	-
GCF_009663035.1	118527	120076	+
GCF_009663035.1	2161338	2162887	-
GCF_009663035.1	3160606	3162155	+
GCF_009663035.1	3182343	3183892	+
GCF_009663035.1	3242376	3243925	+
GCF_009663035.1	3248201	3249750	+
GCF_009663035.1	3312791	3314340	+
GCF_009663035.1	3318734	3320283	+
GCF_009663035.1	3735734	3737283	+
GCF_009664145.1	9273	10822	+
GCF_009664145.1	31076	32625	+
GCF_009664145.1	91168	92717	+
GCF_009664145.1	97052	98601	+
GCF_009664145.1	168116	169665	+
GCF_009664145.1	174062	175611	+
GCF_009664145.1	576479	578028	+
GCF_009664145.1	841441	842990	+
GCF_009664145.1	2902116	2903665	-
GCF_009734085.1	986651	988200	+
GCF_009734085.1	1008388	1009937	+
GCF_009734085.1	1068418	1069967	+
GCF_009734085.1	1074439	1075988	+
GCF_009734085.1	1139026	1140575	+
GCF_009734085.1	1144915	1146464	+
GCF_009734085.1	1553211	1554760	+
GCF_009734085.1	1829605	1831154	+
GCF_009738165.1	9351	10900	+
GCF_009738165.1	31087	32636	+
GCF_009738165.1	91119	92668	+
GCF_009738165.1	96945	98494	+
GCF_009738165.1	161533	163082	+
GCF_009738165.1	167471	169020	+
GCF_009738165.1	583834	585383	+
GCF_009738165.1	849808	851357	+
GCF_009738165.1	2976496	2978045	-
GCF_009789615.1	1804942	1806489	-
GCF_009789615.1	2841827	2843374	+
GCF_009789615.1	2863559	2865107	+
GCF_009789615.1	2923700	2925249	+
GCF_009789615.1	2929515	2931057	+
GCF_009789615.1	2994085	2995634	+
GCF_009789615.1	2999993	3001531	+
GCF_009789615.1	3465421	3466970	+
GCF_009789615.1	3714799	3716347	+
GCF_009834085.1	9353	10902	+
GCF_009834085.1	31090	32639	+
GCF_009834085.1	91120	92669	+
GCF_009834085.1	96947	98496	+
GCF_009834085.1	161544	163093	+
GCF_009834085.1	167434	168983	+
GCF_009834085.1	575536	577085	+
GCF_009834085.1	867582	869131	+
GCF_009834085.1	2972761	2974310	-
GCF_009856975.1	483816	485360	+
GCF_009856975.1	505533	507075	+
GCF_009856975.1	565549	567084	+
GCF_009856975.1	571340	572880	+
GCF_009856975.1	635943	637476	+
GCF_009856975.1	641829	643377	+
GCF_009856975.1	1067505	1069053	+
GCF_009856975.1	1331737	1333283	+
GCF_009856975.1	3427335	3428882	-
GCF_009913295.1	394544	396092	-
GCF_009913295.1	1449774	1451323	+
GCF_009913295.1	1471512	1473061	+
GCF_009913295.1	1531541	1533090	+
GCF_009913295.1	1537366	1538915	+
GCF_009913295.1	1601951	1603500	+
GCF_009913295.1	1622149	1623697	+
GCF_009913295.1	2041168	2042717	+
GCF_009913295.1	2320215	2321764	+
GCF_009913315.1	1268795	1270344	-
GCF_009913315.1	2282017	2283566	+
GCF_009913315.1	2303755	2305304	+
GCF_009913315.1	2363785	2365334	+
GCF_009913315.1	2369670	2371219	+
GCF_009913315.1	2434317	2435866	+
GCF_009913315.1	2440259	2441808	+
GCF_009913315.1	2862471	2864020	+
GCF_009913315.1	3142293	3143842	+
GCF_009913335.1	58510	60059	+
GCF_009913335.1	64395	65944	+
GCF_009913335.1	129042	130591	+
GCF_009913335.1	134984	136533	+
GCF_009913335.1	557196	558745	+
GCF_009913335.1	837018	838567	+
GCF_009913335.1	2981579	2983128	-
GCF_009913335.1	3994801	3996350	+
GCF_009913335.1	4016539	4018060	+
GCF_009913355.1	56858	58406	-
GCF_009913355.1	475404	476952	-
GCF_009913355.1	481345	482894	-
GCF_009913355.1	545992	547541	-
GCF_009913355.1	551877	553426	-
GCF_009913355.1	611906	613455	-
GCF_009913355.1	633643	635191	-
GCF_009913355.1	1641435	1642984	+
GCF_009913355.1	3739915	3741464	-
GCF_009913475.1	132891	134439	+
GCF_009913475.1	154628	156177	+
GCF_009913475.1	214658	216207	+
GCF_009913475.1	220543	222092	+
GCF_009913475.1	285190	286739	+
GCF_009913475.1	291132	292681	+
GCF_009913475.1	709679	711228	+
GCF_009913475.1	990473	992022	+
GCF_009913475.1	3088953	3090502	-
GCF_009914135.1	7115	8664	+
GCF_009914135.1	2046071	2047619	-
GCF_009914135.1	3072906	3074455	+
GCF_009914135.1	3094644	3096193	+
GCF_009914135.1	3154667	3156215	+
GCF_009914135.1	3160492	3162040	+
GCF_009914135.1	3225079	3226627	+
GCF_009914135.1	3231016	3232565	+
GCF_009914135.1	3689954	3691502	+
GCF_009914175.1	81023	82571	-
GCF_009914175.1	356686	358235	-
GCF_009914175.1	770878	772427	-
GCF_009914175.1	776768	778317	-
GCF_009914175.1	841356	842905	-
GCF_009914175.1	847183	848732	-
GCF_009914175.1	907214	908763	-
GCF_009914175.1	928950	930499	-
GCF_009914175.1	1905698	1907247	+
GCF_009931675.1	812267	813816	-
GCF_009931675.1	1836032	1837580	+
GCF_009931675.1	1857774	1859323	+
GCF_009931675.1	1917803	1919352	+
GCF_009931675.1	1923629	1925178	+
GCF_009931675.1	1988218	1989767	+
GCF_009931675.1	1994161	1995710	+
GCF_009931675.1	2452284	2453833	+
GCF_009931675.1	2737549	2739098	+
GCF_011032725.1	1896640	1898189	-
GCF_011032725.1	2892747	2894296	+
GCF_011032725.1	2952512	2954061	+
GCF_011032725.1	2958397	2959946	+
GCF_011032725.1	3022950	3024499	+
GCF_011032725.1	3028748	3030297	+
GCF_011032725.1	3434137	3435686	+
GCF_011032725.1	3699823	3701372	+
GCF_011100445.1	9269	10818	+
GCF_011100445.1	31006	32555	+
GCF_011100445.1	91041	92590	+
GCF_011100445.1	96866	98415	+
GCF_011100445.1	161455	163004	+
GCF_011100445.1	167397	168946	+
GCF_011100445.1	587184	588733	+
GCF_011100445.1	856404	857953	+
GCF_011100445.1	2925415	2926964	-
GCF_011769925.1	9761	11310	+
GCF_011769925.1	31498	33047	+
GCF_011769925.1	91533	93082	+
GCF_011769925.1	97358	98907	+
GCF_011769925.1	161948	163497	+
GCF_011769925.1	167890	169439	+
GCF_011769925.1	587677	589226	+
GCF_011769925.1	856897	858446	+
GCF_011769925.1	2925908	2927457	-
GCF_011784665.1	9312	10861	+
GCF_011784665.1	31050	32599	+
GCF_011784665.1	91079	92628	+
GCF_011784665.1	96905	98454	+
GCF_011784665.1	161492	163041	+
GCF_011784665.1	167429	168978	+
GCF_011784665.1	622374	623923	+
GCF_011784665.1	907846	909395	+
GCF_011784665.1	3049677	3051226	-
GCF_012226065.1	743	2292	+
GCF_012275165.1	9353	10902	+
GCF_012275165.1	31090	32639	+
GCF_012275165.1	91120	92669	+
GCF_012275165.1	96947	98496	+
GCF_012275165.1	161535	163084	+
GCF_012275165.1	167425	168974	+
GCF_012275165.1	581547	583096	+
GCF_012275165.1	853763	855312	+
GCF_012275165.1	2919789	2921338	-
GCF_012647845.1	9808	11357	+
GCF_012647845.1	31544	33093	+
GCF_012647845.1	91579	93128	+
GCF_012647845.1	97405	98954	+
GCF_012647845.1	161990	163515	+
GCF_012647845.1	172235	173784	+
GCF_012647845.1	604972	606521	+
GCF_012647845.1	854741	856290	+
GCF_012647845.1	2950150	2951699	-
GCF_013122275.1	9351	10903	+
GCF_013122275.1	31087	32639	+
GCF_013122275.1	91114	92666	+
GCF_013122275.1	96941	98493	+
GCF_013122275.1	161532	163084	+
GCF_013122275.1	167424	168976	+
GCF_013122275.1	609234	610786	+
GCF_013122275.1	871108	872660	+
GCF_013122275.1	2982995	2984547	-
GCF_013201135.1	1676753	1678295	-
GCF_013201135.1	1946160	1947705	-
GCF_013201135.1	2365921	2367460	-
GCF_013201135.1	2371835	2373387	-
GCF_013201135.1	2436415	2437955	-
GCF_013201135.1	2442219	2443757	-
GCF_013201135.1	2502192	2503726	-
GCF_013201135.1	2523893	2525430	-
GCF_013201135.1	3537267	3538808	+
GCF_013201465.1	9454	11007	+
GCF_013201465.1	31193	32746	+
GCF_013201465.1	91222	92775	+
GCF_013201465.1	97051	98604	+
GCF_013201465.1	161641	163194	+
GCF_013201465.1	167529	169082	+
GCF_013201465.1	611468	613021	+
GCF_013201465.1	877911	879464	+
GCF_013201465.1	2916142	2917694	-
GCF_013348705.1	9480	11029	+
GCF_013348705.1	31218	32767	+
GCF_013348705.1	91246	92795	+
GCF_013348705.1	97097	98646	+
GCF_013348705.1	161686	163235	+
GCF_013348705.1	167624	169173	+
GCF_013348705.1	600696	602245	+
GCF_013348705.1	871218	872767	+
GCF_013348705.1	2926460	2928009	-
GCF_013367755.1	1668701	1670246	-
GCF_013367755.1	2682133	2683685	+
GCF_013367755.1	2703862	2705413	+
GCF_013367755.1	2763890	2765433	+
GCF_013367755.1	2769698	2771240	+
GCF_013367755.1	2834266	2835813	+
GCF_013367755.1	2840188	2841731	+
GCF_013367755.1	3259954	3261501	+
GCF_013367755.1	3529373	3530923	+
GCF_013401395.2	238994	240543	+
GCF_013401395.2	260733	262282	+
GCF_013401395.2	320686	322235	+
GCF_013401395.2	326511	328060	+
GCF_013401395.2	391099	392643	+
GCF_013401395.2	411199	412778	+
GCF_013401395.2	826671	828219	+
GCF_013401395.2	1103774	1105324	+
GCF_013401395.2	3195559	3197108	-
GCF_013694265.1	9769	11321	+
GCF_013694265.1	31344	32890	+
GCF_013694265.1	91168	92720	+
GCF_013694265.1	97053	98605	+
GCF_013694265.1	168124	169676	+
GCF_013694265.1	174065	175617	+
GCF_013694265.1	606547	608099	+
GCF_013694265.1	865155	866707	+
GCF_013694265.1	2919672	2921224	-
GCF_013701805.1	482691	484243	+
GCF_013701805.1	2549710	2551262	-
GCF_013701805.1	2819136	2820689	-
GCF_013701805.1	3238922	3240475	-
GCF_013701805.1	3244864	3246417	-
GCF_013701805.1	3309453	3311006	-
GCF_013701805.1	3315278	3316831	-
GCF_013701805.1	3375313	3376866	-
GCF_013701805.1	3397050	3398603	-
GCF_013875015.1	824202	825751	-
GCF_013875015.1	1872618	1874167	+
GCF_013875015.1	1894354	1895903	+
GCF_013875015.1	1954381	1955930	+
GCF_013875015.1	1960331	1961880	+
GCF_013875015.1	2024923	2026472	+
GCF_013875015.1	2030867	2032416	+
GCF_013875015.1	2460708	2462257	+
GCF_013875015.1	2778587	2780136	+
GCF_014048285.1	9348	10900	+
GCF_014048285.1	31086	32638	+
GCF_014048285.1	91115	92667	+
GCF_014048285.1	96942	98494	+
GCF_014048285.1	161528	163080	+
GCF_014048285.1	167467	169019	+
GCF_014048285.1	600019	601571	+
GCF_014048285.1	919921	921473	+
GCF_014048285.1	3020707	3022259	-
GCF_014048285.1	606	2158	-
GCF_014048385.1	9347	10900	+
GCF_014048385.1	31084	32637	+
GCF_014048385.1	91116	92669	+
GCF_014048385.1	97008	98561	+
GCF_014048385.1	161656	163209	+
GCF_014048385.1	167590	169143	+
GCF_014048385.1	571458	573011	+
GCF_014048385.1	841690	843243	+
GCF_014048385.1	3110269	3111821	-
GCF_014048385.1	663	2215	-
GCF_014117505.1	775142	776695	-
GCF_014117505.1	1023746	1025291	-
GCF_014117505.1	1424585	1426132	-
GCF_014117505.1	1430469	1432011	-
GCF_014117505.1	1495043	1496591	-
GCF_014117505.1	1500862	1502411	-
GCF_014117505.1	1560868	1562415	-
GCF_014117505.1	1582592	1584137	-
GCF_014117505.1	2557168	2558710	+
GCF_014180705.2	786065	787614	-
GCF_014180705.2	1064627	1066176	-
GCF_014180705.2	1495043	1496590	-
GCF_014180705.2	1500980	1502528	-
GCF_014180705.2	1565619	1567158	-
GCF_014180705.2	1571461	1572978	-
GCF_014180705.2	1631454	1633003	-
GCF_014180705.2	1653186	1654735	-
GCF_014180705.2	2666241	2667784	+
GCF_014211995.1	995712	997264	+
GCF_014211995.1	3038541	3040094	-
GCF_014211995.1	3315918	3317471	-
GCF_014211995.1	3732923	3734476	-
GCF_014211995.1	3738866	3740419	-
GCF_014211995.1	3803457	3805010	-
GCF_014211995.1	3809282	3810835	-
GCF_014211995.1	3869315	3870868	-
GCF_014211995.1	3891052	3892605	-
GCF_014358035.1	9528	11081	+
GCF_014358035.1	31265	32818	+
GCF_014358035.1	91301	92854	+
GCF_014358035.1	97126	98679	+
GCF_014358035.1	161716	163269	+
GCF_014358035.1	167658	169211	+
GCF_014358035.1	587445	588998	+
GCF_014358035.1	856872	858425	+
GCF_014358035.1	2976854	2978406	-
GCF_014495825.1	9448	11000	+
GCF_014495825.1	31183	32735	+
GCF_014495825.1	91476	93028	+
GCF_014495825.1	97302	98854	+
GCF_014495825.1	161887	163439	+
GCF_014495825.1	167825	169377	+
GCF_014495825.1	615643	617195	+
GCF_014495825.1	885132	886684	+
GCF_014495825.1	3041148	3042700	-
GCF_014622705.1	9350	10899	+
GCF_014622705.1	31087	32636	+
GCF_014622705.1	91122	92671	+
GCF_014622705.1	96947	98496	+
GCF_014622705.1	161537	163086	+
GCF_014622705.1	167479	169028	+
GCF_014622705.1	587266	588815	+
GCF_014622705.1	856693	858242	+
GCF_014622705.1	2925705	2927254	-
GCF_014706595.1	893927	895476	-
GCF_014706595.1	1917678	1919227	+
GCF_014706595.1	1939414	1940963	+
GCF_014706595.1	1999447	2000995	+
GCF_014706595.1	2005271	2006820	+
GCF_014706595.1	2069859	2071408	+
GCF_014706595.1	2075799	2077348	+
GCF_014706595.1	2496772	2498321	+
GCF_014706595.1	2772238	2773787	+
GCF_014764325.1	9454	11003	+
GCF_014764325.1	31193	32742	+
GCF_014764325.1	91228	92777	+
GCF_014764325.1	97112	98661	+
GCF_014764325.1	161702	163251	+
GCF_014764325.1	167591	169140	+
GCF_014764325.1	568175	569724	+
GCF_014764325.1	839462	841011	+
GCF_014764325.1	2899183	2900732	-
GCF_014841075.1	9350	10899	+
GCF_014841075.1	31087	32636	+
GCF_014841075.1	91122	92671	+
GCF_014841075.1	96947	98496	+
GCF_014841075.1	161537	163086	+
GCF_014841075.1	167479	169028	+
GCF_014841075.1	587266	588815	+
GCF_014841075.1	856486	858035	+
GCF_014841075.1	2925375	2926924	-
GCF_014961825.1	947537	949088	+
GCF_014961825.1	3016532	3018081	-
GCF_014961825.1	3285958	3287506	-
GCF_014961825.1	3705742	3707292	-
GCF_014961825.1	3711685	3713231	-
GCF_014961825.1	3776274	3777821	-
GCF_014961825.1	3782096	3783644	-
GCF_014961825.1	3842132	3843680	-
GCF_014961825.1	3863865	3865413	-
GCF_015239615.1	1069828	1071368	-
GCF_015239615.1	2096728	2098277	+
GCF_015239615.1	2118464	2120001	+
GCF_015239615.1	2178473	2180019	+
GCF_015239615.1	2184286	2185823	+
GCF_015239615.1	2248792	2250336	+
GCF_015239615.1	2254675	2256219	+
GCF_015239615.1	2663019	2664558	+
GCF_015239615.1	2947872	2949416	+
GCF_015277495.1	22361	23910	-
GCF_015277495.1	298431	299980	-
GCF_015277495.1	733067	734615	-
GCF_015277495.1	738953	740502	-
GCF_015277495.1	803537	805085	-
GCF_015277495.1	809362	810910	-
GCF_015277495.1	869385	870934	-
GCF_015277495.1	891184	892733	-
GCF_015277495.1	1910796	1912345	+
GCF_015291865.1	275228	276777	-
GCF_015291865.1	684759	686307	-
GCF_015291865.1	690647	692194	-
GCF_015291865.1	755229	756777	-
GCF_015291865.1	761055	762603	-
GCF_015291865.1	821086	822635	-
GCF_015291865.1	842821	844370	-
GCF_015291865.1	1832511	1834059	+
GCF_015291865.1	3919337	3920885	-
GCF_015732475.1	9353	10902	+
GCF_015732475.1	31089	32638	+
GCF_015732475.1	91117	92666	+
GCF_015732475.1	96945	98494	+
GCF_015732475.1	161534	163083	+
GCF_015732475.1	167423	168972	+
GCF_015732475.1	613560	615109	+
GCF_015732475.1	879823	881372	+
GCF_015732475.1	3127756	3129305	-
GCF_016065635.1	9352	10901	+
GCF_016065635.1	31089	32638	+
GCF_016065635.1	91119	92668	+
GCF_016065635.1	96946	98495	+
GCF_016065635.1	161535	163084	+
GCF_016065635.1	167424	168973	+
GCF_016065635.1	580719	582268	+
GCF_016065635.1	841929	843478	+
GCF_016065635.1	2951720	2953269	-
GCF_016415725.1	9350	10899	+
GCF_016415725.1	31087	32636	+
GCF_016415725.1	91115	92664	+
GCF_016415725.1	96940	98489	+
GCF_016415725.1	161528	163077	+
GCF_016415725.1	181785	183334	+
GCF_016415725.1	648937	650486	+
GCF_016415725.1	936555	938103	+
GCF_016415725.1	3158698	3160247	-
GCF_016766595.1	9353	10902	+
GCF_016766595.1	31154	32703	+
GCF_016766595.1	91184	92733	+
GCF_016766595.1	97011	98560	+
GCF_016766595.1	161599	163148	+
GCF_016766595.1	167489	169038	+
GCF_016766595.1	567834	569383	+
GCF_016766595.1	831729	833278	+
GCF_016766595.1	2925441	2926990	-
GCF_016801735.1	9350	10899	+
GCF_016801735.1	31087	32636	+
GCF_016801735.1	91122	92671	+
GCF_016801735.1	96947	98496	+
GCF_016801735.1	161537	163086	+
GCF_016801735.1	167479	169028	+
GCF_016801735.1	587266	588815	+
GCF_016801735.1	856486	858035	+
GCF_016801735.1	2925497	2927046	-
GCF_016834435.1	9351	10900	+
GCF_016834435.1	31087	32636	+
GCF_016834435.1	91120	92669	+
GCF_016834435.1	96945	98494	+
GCF_016834435.1	161531	163080	+
GCF_016834435.1	167474	169023	+
GCF_016834435.1	581180	582729	+
GCF_016834435.1	845488	847037	+
GCF_016834435.1	2973408	2974957	-
GCF_016859395.1	9348	10897	+
GCF_016859395.1	31086	32634	+
GCF_016859395.1	91115	92664	+
GCF_016859395.1	96941	98490	+
GCF_016859395.1	161589	163138	+
GCF_016859395.1	167526	169075	+
GCF_016859395.1	596368	597917	+
GCF_016859395.1	872189	873738	+
GCF_016859395.1	3181308	3182857	-
GCF_016888865.1	9350	10899	+
GCF_016888865.1	31087	32636	+
GCF_016888865.1	91117	92666	+
GCF_016888865.1	97002	98551	+
GCF_016888865.1	161648	163197	+
GCF_016888865.1	167587	169136	+
GCF_016888865.1	596483	598032	+
GCF_016888865.1	878192	879741	+
GCF_016888865.1	2985245	2986794	-
GCF_016904925.1	142862	144411	+
GCF_016904925.1	164665	166214	+
GCF_016904925.1	224694	226243	+
GCF_016904925.1	230518	232067	+
GCF_016904925.1	295170	296719	+
GCF_016904925.1	354836	356385	+
GCF_016904925.1	791798	793347	+
GCF_016904925.1	1056492	1058041	+
GCF_016904925.1	3088342	3089891	-
GCF_017347625.1	9352	10901	+
GCF_017347625.1	31088	32637	+
GCF_017347625.1	91123	92672	+
GCF_017347625.1	96950	98499	+
GCF_017347625.1	161538	163087	+
GCF_017347625.1	167481	169030	+
GCF_017347625.1	599951	601500	+
GCF_017347625.1	894219	895768	+
GCF_017347625.1	3014408	3015957	-
GCF_017742975.1	1164527	1166074	-
GCF_017742975.1	2153582	2155127	+
GCF_017742975.1	2175312	2176861	+
GCF_017742975.1	2235335	2236883	+
GCF_017742975.1	2241156	2242703	+
GCF_017742975.1	2305739	2307287	+
GCF_017742975.1	2311625	2313173	+
GCF_017742975.1	2723613	2725160	+
GCF_017742975.1	2984576	2986125	+
GCF_017948225.1	9271	10820	+
GCF_017948225.1	31008	32557	+
GCF_017948225.1	91037	92586	+
GCF_017948225.1	96864	98413	+
GCF_017948225.1	161452	163001	+
GCF_017948225.1	167341	168890	+
GCF_017948225.1	575894	577443	+
GCF_017948225.1	852947	854496	+
GCF_017948225.1	2975835	2977384	-
GCF_018223705.1	9416	10965	+
GCF_018223705.1	31219	32768	+
GCF_018223705.1	91247	92796	+
GCF_018223705.1	97073	98622	+
GCF_018223705.1	161660	163209	+
GCF_018223705.1	167550	169099	+
GCF_018223705.1	601649	603198	+
GCF_018223705.1	875719	877268	+
GCF_018223705.1	2921199	2922748	-
GCF_018398955.1	8851	10400	+
GCF_018398955.1	30586	32135	+
GCF_018398955.1	90616	92165	+
GCF_018398955.1	96443	97992	+
GCF_018398955.1	161031	162580	+
GCF_018398955.1	166920	168469	+
GCF_018398955.1	609813	611362	+
GCF_018398955.1	875126	876675	+
GCF_018398955.1	3006687	3008236	-
GCF_018406485.1	9350	10899	+
GCF_018406485.1	31087	32636	+
GCF_018406485.1	91122	92671	+
GCF_018406485.1	96947	98496	+
GCF_018406485.1	161537	163086	+
GCF_018406485.1	167479	169028	+
GCF_018406485.1	587266	588815	+
GCF_018406485.1	856693	858242	+
GCF_018406485.1	2912701	2914250	-
GCF_018415955.1	10246	11795	-
GCF_018415955.1	31982	33531	-
GCF_018415955.1	1023768	1025317	+
GCF_018415955.1	3096692	3098241	-
GCF_018415955.1	3366179	3367728	-
GCF_018415955.1	3765238	3766787	-
GCF_018415955.1	3771127	3772676	-
GCF_018415955.1	3835714	3837263	-
GCF_018415955.1	3841541	3843090	-
GCF_000283695.1	9764	11313	+
GCF_000283695.1	31500	33049	+
GCF_000283695.1	91529	93078	+
GCF_000283695.1	97356	98905	+
GCF_000283695.1	161943	163492	+
GCF_000283695.1	167834	169383	+
GCF_000283695.1	173661	175210	+
GCF_000283695.1	583047	584596	+
GCF_000283695.1	916147	917696	+
GCF_000283695.1	2997787	2999336	-
GCF_000341875.1	9808	11357	+
GCF_000341875.1	31371	32920	+
GCF_000341875.1	91234	92783	+
GCF_000341875.1	97118	98667	+
GCF_000341875.1	161763	163312	+
GCF_000341875.1	172036	173585	+
GCF_000341875.1	582582	584131	+
GCF_000341875.1	832495	834044	+
GCF_000341875.1	2905976	2907525	-
GCF_000455585.1	9797	11346	+
GCF_000455585.1	31360	32909	+
GCF_000455585.1	91215	92764	+
GCF_000455585.1	97098	98647	+
GCF_000455585.1	161746	163295	+
GCF_000455585.1	172018	173567	+
GCF_000455585.1	593066	594615	+
GCF_000455585.1	857319	858868	+
GCF_000455585.1	2919226	2920775	-
GCF_000284395.1	9760	11309	+
GCF_000284395.1	31498	33047	+
GCF_000284395.1	91528	93077	+
GCF_000284395.1	97354	98903	+
GCF_000284395.1	162003	163552	+
GCF_000284395.1	167940	169489	+
GCF_000284395.1	173877	175426	+
GCF_000284395.1	584439	585988	+
GCF_000284395.1	860319	861868	+
GCF_000284395.1	3207703	3209252	-
GCF_000319475.1	9760	11292	+
GCF_000319475.1	31477	33016	+
GCF_000319475.1	91197	92746	+
GCF_000319475.1	97022	98571	+
GCF_000319475.1	161606	163154	+
GCF_000319475.1	171874	173423	+
GCF_000319475.1	592155	593688	+
GCF_000319475.1	879384	880933	+
GCF_000319475.1	2958735	2960284	-
GCF_000455565.1	9761	11311	+
GCF_000455565.1	31325	32874	+
GCF_000455565.1	91181	92730	+
GCF_000455565.1	97066	98616	+
GCF_000455565.1	161715	163264	+
GCF_000455565.1	167654	169203	+
GCF_000455565.1	173010	174559	+
GCF_000455565.1	624503	626052	+
GCF_000455565.1	899243	900792	+
GCF_000455565.1	3065575	3067124	-
GCF_000493375.1	9759	11308	+
GCF_000493375.1	31496	33045	+
GCF_000493375.1	91528	93077	+
GCF_000493375.1	97354	98903	+
GCF_000493375.1	161943	163492	+
GCF_000493375.1	167884	169434	+
GCF_000493375.1	173824	175373	+
GCF_000493375.1	596045	597594	+
GCF_000493375.1	880741	882290	+
GCF_000493375.1	3122448	3123997	-
GCF_000583065.1	9759	11313	+
GCF_000583065.1	31498	33052	+
GCF_000583065.1	91530	93084	+
GCF_000583065.1	156177	157731	+
GCF_000583065.1	182780	184334	+
GCF_000583065.1	616517	618071	+
GCF_000583065.1	892151	893705	+
GCF_000583065.1	2958483	2960039	-
GCF_000973585.1	9763	11314	+
GCF_000973585.1	31502	33051	+
GCF_000973585.1	91529	93079	+
GCF_000973585.1	97357	98907	+
GCF_000973585.1	161950	163504	+
GCF_000973585.1	603786	605338	+
GCF_000973585.1	864753	866302	+
GCF_000973585.1	3082822	3084374	-
